size_sq_m,bedrooms,age_years,distance_to_city_km,price_usd
82,2,18,12.5,168000
95,3,12,9.8,214000
110,3,8,7.2,268000
125,4,6,5.5,326000
72,2,25,15.0,139000
140,4,4,4.2,389000
88,3,20,11.4,181000
156,5,3,3.8,447000
103,3,15,8.6,239000
68,2,30,17.5,121000
118,4,10,6.4,298000
132,4,7,5.1,348000
97,3,22,13.2,196000
165,5,2,2.9,492000
76,2,16,10.7,157000
108,3,5,6.8,273000
145,4,18,9.1,326000
91,3,28,16.2,161000
174,5,1,2.4,535000
115,3,11,7.9,265000
84,2,9,8.8,194000
128,4,14,10.5,294000
101,3,3,4.9,259000
150,4,9,6.0,382000
79,2,21,14.1,146000